incident_id,timestamp,region,equipment_type,voltage,current,power_consumption,demand_load,grid_frequency,transformer_status,outage_event,severity,description
INC-0001,2021-05-13,Zone_D,smart_meter_bank,240.99,43.68,10.53,11.52,50.691,degraded,frequency_excursion,high,Grid frequency excursion detected in Zone_D. Frequency measured at 50.69Hz (nominal: 50Hz). Affected equipment: smart_meter_bank. Voltage: 241.0V. Power consumption at event: 10.53kW. Transformer status: degraded. Automatic frequency regulation engaged. Monitoring for reoccurrence.
INC-0002,2023-02-11,Zone_D,smart_meter_bank,246.61,27.66,6.82,6.9,49.623,degraded,frequency_excursion,high,Grid frequency excursion detected in Zone_D. Frequency measured at 49.62Hz (nominal: 50Hz). Affected equipment: smart_meter_bank. Voltage: 246.6V. Power consumption at event: 6.82kW. Transformer status: degraded. Automatic frequency regulation engaged. Monitoring for reoccurrence.
INC-0003,2023-12-06,Zone_B,substation,241.11,53.06,12.79,12.14,49.26,degraded,frequency_excursion,high,Grid frequency excursion detected in Zone_B. Frequency measured at 49.26Hz (nominal: 50Hz). Affected equipment: substation. Voltage: 241.1V. Power consumption at event: 12.79kW. Transformer status: degraded. Automatic frequency regulation engaged. Monitoring for reoccurrence.
INC-0004,2023-06-13,Zone_C,distribution_unit,242.4,40.6,9.84,9.55,50.226,degraded,frequency_excursion,high,Grid frequency excursion detected in Zone_C. Frequency measured at 50.23Hz (nominal: 50Hz). Affected equipment: distribution_unit. Voltage: 242.4V. Power consumption at event: 9.84kW. Transformer status: degraded. Automatic frequency regulation engaged. Monitoring for reoccurrence.
INC-0005,2023-05-29,Zone_D,renewable_inverter,243.36,45.7,11.12,10.1,50.747,degraded,frequency_excursion,high,Grid frequency excursion detected in Zone_D. Frequency measured at 50.75Hz (nominal: 50Hz). Affected equipment: renewable_inverter. Voltage: 243.4V. Power consumption at event: 11.12kW. Transformer status: degraded. Automatic frequency regulation engaged. Monitoring for reoccurrence.
INC-0006,2022-02-08,Zone_A,distribution_unit,240.01,44.13,10.59,11.42,50.368,degraded,frequency_excursion,high,Grid frequency excursion detected in Zone_A. Frequency measured at 50.37Hz (nominal: 50Hz). Affected equipment: distribution_unit. Voltage: 240.0V. Power consumption at event: 10.59kW. Transformer status: degraded. Automatic frequency regulation engaged. Monitoring for reoccurrence.
INC-0007,2021-11-28,Zone_A,substation,230.13,40.44,9.31,9.49,49.524,degraded,frequency_excursion,high,Grid frequency excursion detected in Zone_A. Frequency measured at 49.52Hz (nominal: 50Hz). Affected equipment: substation. Voltage: 230.1V. Power consumption at event: 9.31kW. Transformer status: degraded. Automatic frequency regulation engaged. Monitoring for reoccurrence.
INC-0008,2022-03-29,Zone_B,smart_meter_bank,242.89,33.86,8.22,7.52,50.687,degraded,frequency_excursion,high,Grid frequency excursion detected in Zone_B. Frequency measured at 50.69Hz (nominal: 50Hz). Affected equipment: smart_meter_bank. Voltage: 242.9V. Power consumption at event: 8.22kW. Transformer status: degraded. Automatic frequency regulation engaged. Monitoring for reoccurrence.
INC-0009,2023-12-03,Zone_A,distribution_unit,233.72,32.67,7.63,7.3,49.361,degraded,frequency_excursion,high,Grid frequency excursion detected in Zone_A. Frequency measured at 49.36Hz (nominal: 50Hz). Affected equipment: distribution_unit. Voltage: 233.7V. Power consumption at event: 7.63kW. Transformer status: degraded. Automatic frequency regulation engaged. Monitoring for reoccurrence.
INC-0010,2022-04-21,Zone_C,smart_meter_bank,242.68,46.23,11.22,12.26,49.684,degraded,frequency_excursion,high,Grid frequency excursion detected in Zone_C. Frequency measured at 49.68Hz (nominal: 50Hz). Affected equipment: smart_meter_bank. Voltage: 242.7V. Power consumption at event: 11.22kW. Transformer status: degraded. Automatic frequency regulation engaged. Monitoring for reoccurrence.
INC-0011,2023-02-19,Zone_D,distribution_unit,248.6,46.4,11.54,11.7,50.26,degraded,frequency_excursion,high,Grid frequency excursion detected in Zone_D. Frequency measured at 50.26Hz (nominal: 50Hz). Affected equipment: distribution_unit. Voltage: 248.6V. Power consumption at event: 11.54kW. Transformer status: degraded. Automatic frequency regulation engaged. Monitoring for reoccurrence.
INC-0012,2023-03-04,Zone_B,transmission_line,247.43,31.63,7.83,8.47,49.78,degraded,frequency_excursion,high,Grid frequency excursion detected in Zone_B. Frequency measured at 49.78Hz (nominal: 50Hz). Affected equipment: transmission_line. Voltage: 247.4V. Power consumption at event: 7.83kW. Transformer status: degraded. Automatic frequency regulation engaged. Monitoring for reoccurrence.
INC-0013,2021-07-24,Zone_C,smart_meter_bank,240.4,50.25,12.08,11.86,50.421,degraded,frequency_excursion,high,Grid frequency excursion detected in Zone_C. Frequency measured at 50.42Hz (nominal: 50Hz). Affected equipment: smart_meter_bank. Voltage: 240.4V. Power consumption at event: 12.08kW. Transformer status: degraded. Automatic frequency regulation engaged. Monitoring for reoccurrence.
INC-0014,2021-10-02,Zone_C,transformer,244.97,43.31,10.61,9.86,50.318,degraded,frequency_excursion,high,Grid frequency excursion detected in Zone_C. Frequency measured at 50.32Hz (nominal: 50Hz). Affected equipment: transformer. Voltage: 245.0V. Power consumption at event: 10.61kW. Transformer status: degraded. Automatic frequency regulation engaged. Monitoring for reoccurrence.
INC-0015,2023-02-20,Zone_A,transmission_line,235.84,33.3,7.85,7.41,49.677,degraded,frequency_excursion,high,Grid frequency excursion detected in Zone_A. Frequency measured at 49.68Hz (nominal: 50Hz). Affected equipment: transmission_line. Voltage: 235.8V. Power consumption at event: 7.85kW. Transformer status: degraded. Automatic frequency regulation engaged. Monitoring for reoccurrence.
INC-0016,2021-12-16,Zone_D,transformer,242.28,48.94,11.86,11.59,50.362,degraded,frequency_excursion,high,Grid frequency excursion detected in Zone_D. Frequency measured at 50.36Hz (nominal: 50Hz). Affected equipment: transformer. Voltage: 242.3V. Power consumption at event: 11.86kW. Transformer status: degraded. Automatic frequency regulation engaged. Monitoring for reoccurrence.
INC-0017,2023-08-20,Zone_A,distribution_unit,237.75,41.66,9.9,9.42,49.168,degraded,frequency_excursion,high,Grid frequency excursion detected in Zone_A. Frequency measured at 49.17Hz (nominal: 50Hz). Affected equipment: distribution_unit. Voltage: 237.8V. Power consumption at event: 9.90kW. Transformer status: degraded. Automatic frequency regulation engaged. Monitoring for reoccurrence.
INC-0018,2023-10-03,Zone_A,smart_meter_bank,232.99,41.92,9.77,10.46,49.138,degraded,frequency_excursion,high,Grid frequency excursion detected in Zone_A. Frequency measured at 49.14Hz (nominal: 50Hz). Affected equipment: smart_meter_bank. Voltage: 233.0V. Power consumption at event: 9.77kW. Transformer status: degraded. Automatic frequency regulation engaged. Monitoring for reoccurrence.
INC-0019,2023-03-15,Zone_C,transmission_line,247.5,38.2,9.46,9.79,50.997,degraded,frequency_excursion,high,Grid frequency excursion detected in Zone_C. Frequency measured at 51.00Hz (nominal: 50Hz). Affected equipment: transmission_line. Voltage: 247.5V. Power consumption at event: 9.46kW. Transformer status: degraded. Automatic frequency regulation engaged. Monitoring for reoccurrence.
INC-0020,2022-05-28,Zone_B,renewable_inverter,244.91,22.51,5.51,5.47,50.675,degraded,frequency_excursion,high,Grid frequency excursion detected in Zone_B. Frequency measured at 50.67Hz (nominal: 50Hz). Affected equipment: renewable_inverter. Voltage: 244.9V. Power consumption at event: 5.51kW. Transformer status: degraded. Automatic frequency regulation engaged. Monitoring for reoccurrence.
INC-0021,2021-12-12,Zone_A,distribution_unit,235.76,33.29,7.85,8.5,49.193,degraded,frequency_excursion,high,Grid frequency excursion detected in Zone_A. Frequency measured at 49.19Hz (nominal: 50Hz). Affected equipment: distribution_unit. Voltage: 235.8V. Power consumption at event: 7.85kW. Transformer status: degraded. Automatic frequency regulation engaged. Monitoring for reoccurrence.
INC-0022,2022-01-24,Zone_D,smart_meter_bank,230.36,25.57,5.89,6.14,49.283,degraded,frequency_excursion,high,Grid frequency excursion detected in Zone_D. Frequency measured at 49.28Hz (nominal: 50Hz). Affected equipment: smart_meter_bank. Voltage: 230.4V. Power consumption at event: 5.89kW. Transformer status: degraded. Automatic frequency regulation engaged. Monitoring for reoccurrence.
INC-0023,2023-04-08,Zone_A,renewable_inverter,242.85,37.99,9.23,9.25,50.148,degraded,frequency_excursion,high,Grid frequency excursion detected in Zone_A. Frequency measured at 50.15Hz (nominal: 50Hz). Affected equipment: renewable_inverter. Voltage: 242.8V. Power consumption at event: 9.23kW. Transformer status: degraded. Automatic frequency regulation engaged. Monitoring for reoccurrence.
INC-0024,2021-11-13,Zone_C,substation,246.8,41.95,10.35,10.5,50.173,degraded,frequency_excursion,high,Grid frequency excursion detected in Zone_C. Frequency measured at 50.17Hz (nominal: 50Hz). Affected equipment: substation. Voltage: 246.8V. Power consumption at event: 10.35kW. Transformer status: degraded. Automatic frequency regulation engaged. Monitoring for reoccurrence.
INC-0025,2022-08-09,Zone_B,transformer,238.44,41.88,9.99,10.27,49.693,degraded,frequency_excursion,high,Grid frequency excursion detected in Zone_B. Frequency measured at 49.69Hz (nominal: 50Hz). Affected equipment: transformer. Voltage: 238.4V. Power consumption at event: 9.99kW. Transformer status: degraded. Automatic frequency regulation engaged. Monitoring for reoccurrence.
INC-0026,2022-01-08,Zone_A,distribution_unit,250.19,39.15,9.79,9.36,50.707,degraded,frequency_excursion,high,Grid frequency excursion detected in Zone_A. Frequency measured at 50.71Hz (nominal: 50Hz). Affected equipment: distribution_unit. Voltage: 250.2V. Power consumption at event: 9.79kW. Transformer status: degraded. Automatic frequency regulation engaged. Monitoring for reoccurrence.
INC-0027,2023-10-12,Zone_D,substation,230.62,44.01,10.15,9.66,49.794,degraded,frequency_excursion,high,Grid frequency excursion detected in Zone_D. Frequency measured at 49.79Hz (nominal: 50Hz). Affected equipment: substation. Voltage: 230.6V. Power consumption at event: 10.15kW. Transformer status: degraded. Automatic frequency regulation engaged. Monitoring for reoccurrence.
INC-0028,2021-09-19,Zone_A,transmission_line,236.59,41.11,9.73,10.69,50.489,overloaded,partial_outage,high,Partial outage reported affecting transmission_line cluster in Zone_A. Approx. 30-40% of connected load lost. Voltage collapsed to 236.6V. Peak demand prior to event: 9.73kW. Grid frequency deviated to 50.49Hz. Transformer status: overloaded. Restoration in progress.
INC-0029,2022-02-13,Zone_B,distribution_unit,239.25,35.31,8.45,8.74,50.295,overloaded,partial_outage,high,Partial outage reported affecting distribution_unit cluster in Zone_B. Approx. 30-40% of connected load lost. Voltage collapsed to 239.2V. Peak demand prior to event: 8.45kW. Grid frequency deviated to 50.30Hz. Transformer status: overloaded. Restoration in progress.
INC-0030,2022-05-23,Zone_C,substation,234.93,46.31,10.88,11.49,50.452,overloaded,partial_outage,high,Partial outage reported affecting substation cluster in Zone_C. Approx. 30-40% of connected load lost. Voltage collapsed to 234.9V. Peak demand prior to event: 10.88kW. Grid frequency deviated to 50.45Hz. Transformer status: overloaded. Restoration in progress.
INC-0031,2021-07-05,Zone_B,smart_meter_bank,249.11,31.15,7.76,7.85,50.505,overloaded,partial_outage,high,Partial outage reported affecting smart_meter_bank cluster in Zone_B. Approx. 30-40% of connected load lost. Voltage collapsed to 249.1V. Peak demand prior to event: 7.76kW. Grid frequency deviated to 50.51Hz. Transformer status: overloaded. Restoration in progress.
INC-0032,2023-05-14,Zone_B,renewable_inverter,240.08,36.42,8.74,8.66,50.66,overloaded,partial_outage,high,Partial outage reported affecting renewable_inverter cluster in Zone_B. Approx. 30-40% of connected load lost. Voltage collapsed to 240.1V. Peak demand prior to event: 8.74kW. Grid frequency deviated to 50.66Hz. Transformer status: overloaded. Restoration in progress.
INC-0033,2021-11-10,Zone_C,distribution_unit,244.57,33.61,8.22,8.75,50.641,overloaded,partial_outage,high,Partial outage reported affecting distribution_unit cluster in Zone_C. Approx. 30-40% of connected load lost. Voltage collapsed to 244.6V. Peak demand prior to event: 8.22kW. Grid frequency deviated to 50.64Hz. Transformer status: overloaded. Restoration in progress.
INC-0034,2023-03-14,Zone_A,transmission_line,242.46,40.68,9.86,9.72,50.463,overloaded,partial_outage,high,Partial outage reported affecting transmission_line cluster in Zone_A. Approx. 30-40% of connected load lost. Voltage collapsed to 242.5V. Peak demand prior to event: 9.86kW. Grid frequency deviated to 50.46Hz. Transformer status: overloaded. Restoration in progress.
INC-0035,2022-09-22,Zone_B,distribution_unit,228.12,46.88,10.69,11.49,50.452,overloaded,partial_outage,high,Partial outage reported affecting distribution_unit cluster in Zone_B. Approx. 30-40% of connected load lost. Voltage collapsed to 228.1V. Peak demand prior to event: 10.69kW. Grid frequency deviated to 50.45Hz. Transformer status: overloaded. Restoration in progress.
INC-0036,2021-07-24,Zone_D,renewable_inverter,247.72,49.95,12.37,11.74,50.38,overloaded,partial_outage,high,Partial outage reported affecting renewable_inverter cluster in Zone_D. Approx. 30-40% of connected load lost. Voltage collapsed to 247.7V. Peak demand prior to event: 12.37kW. Grid frequency deviated to 50.38Hz. Transformer status: overloaded. Restoration in progress.
INC-0037,2022-11-11,Zone_D,transformer,244.21,42.84,10.46,9.95,50.448,overloaded,partial_outage,high,Partial outage reported affecting transformer cluster in Zone_D. Approx. 30-40% of connected load lost. Voltage collapsed to 244.2V. Peak demand prior to event: 10.46kW. Grid frequency deviated to 50.45Hz. Transformer status: overloaded. Restoration in progress.
INC-0038,2022-09-12,Zone_D,renewable_inverter,238.22,38.33,9.13,9.16,50.36,overloaded,partial_outage,high,Partial outage reported affecting renewable_inverter cluster in Zone_D. Approx. 30-40% of connected load lost. Voltage collapsed to 238.2V. Peak demand prior to event: 9.13kW. Grid frequency deviated to 50.36Hz. Transformer status: overloaded. Restoration in progress.
INC-0039,2022-04-20,Zone_B,renewable_inverter,250.93,40.21,10.09,9.84,50.559,overloaded,partial_outage,high,Partial outage reported affecting renewable_inverter cluster in Zone_B. Approx. 30-40% of connected load lost. Voltage collapsed to 250.9V. Peak demand prior to event: 10.09kW. Grid frequency deviated to 50.56Hz. Transformer status: overloaded. Restoration in progress.
INC-0040,2021-05-19,Zone_D,transformer,232.14,31.96,7.42,8.08,50.644,overloaded,partial_outage,high,Partial outage reported affecting transformer cluster in Zone_D. Approx. 30-40% of connected load lost. Voltage collapsed to 232.1V. Peak demand prior to event: 7.42kW. Grid frequency deviated to 50.64Hz. Transformer status: overloaded. Restoration in progress.
INC-0041,2022-09-27,Zone_B,smart_meter_bank,232.28,38.04,8.84,9.63,50.632,overloaded,partial_outage,high,Partial outage reported affecting smart_meter_bank cluster in Zone_B. Approx. 30-40% of connected load lost. Voltage collapsed to 232.3V. Peak demand prior to event: 8.84kW. Grid frequency deviated to 50.63Hz. Transformer status: overloaded. Restoration in progress.
INC-0042,2021-01-09,Zone_C,substation,249.01,43.36,10.8,9.98,50.558,overloaded,partial_outage,high,Partial outage reported affecting substation cluster in Zone_C. Approx. 30-40% of connected load lost. Voltage collapsed to 249.0V. Peak demand prior to event: 10.80kW. Grid frequency deviated to 50.56Hz. Transformer status: overloaded. Restoration in progress.
INC-0043,2021-10-18,Zone_B,distribution_unit,244.14,44.55,10.88,10.55,50.34,overloaded,partial_outage,high,Partial outage reported affecting distribution_unit cluster in Zone_B. Approx. 30-40% of connected load lost. Voltage collapsed to 244.1V. Peak demand prior to event: 10.88kW. Grid frequency deviated to 50.34Hz. Transformer status: overloaded. Restoration in progress.
INC-0044,2021-04-25,Zone_A,distribution_unit,248.31,41.59,10.33,10.93,50.316,overloaded,partial_outage,high,Partial outage reported affecting distribution_unit cluster in Zone_A. Approx. 30-40% of connected load lost. Voltage collapsed to 248.3V. Peak demand prior to event: 10.33kW. Grid frequency deviated to 50.32Hz. Transformer status: overloaded. Restoration in progress.
INC-0045,2023-12-03,Zone_C,transmission_line,246.52,47.27,11.65,10.75,50.63,overloaded,partial_outage,high,Partial outage reported affecting transmission_line cluster in Zone_C. Approx. 30-40% of connected load lost. Voltage collapsed to 246.5V. Peak demand prior to event: 11.65kW. Grid frequency deviated to 50.63Hz. Transformer status: overloaded. Restoration in progress.
INC-0046,2023-11-10,Zone_C,renewable_inverter,237.95,37.01,8.81,8.85,50.513,overloaded,partial_outage,high,Partial outage reported affecting renewable_inverter cluster in Zone_C. Approx. 30-40% of connected load lost. Voltage collapsed to 237.9V. Peak demand prior to event: 8.81kW. Grid frequency deviated to 50.51Hz. Transformer status: overloaded. Restoration in progress.
INC-0047,2021-09-10,Zone_C,substation,236.32,37.94,8.96,9.58,50.36,overloaded,partial_outage,high,Partial outage reported affecting substation cluster in Zone_C. Approx. 30-40% of connected load lost. Voltage collapsed to 236.3V. Peak demand prior to event: 8.96kW. Grid frequency deviated to 50.36Hz. Transformer status: overloaded. Restoration in progress.
INC-0048,2021-07-18,Zone_B,distribution_unit,244.07,40.13,9.8,10.13,50.373,overloaded,partial_outage,high,Partial outage reported affecting distribution_unit cluster in Zone_B. Approx. 30-40% of connected load lost. Voltage collapsed to 244.1V. Peak demand prior to event: 9.80kW. Grid frequency deviated to 50.37Hz. Transformer status: overloaded. Restoration in progress.
INC-0049,2023-02-08,Zone_B,transmission_line,234.53,42.53,9.97,9.98,50.405,overloaded,partial_outage,high,Partial outage reported affecting transmission_line cluster in Zone_B. Approx. 30-40% of connected load lost. Voltage collapsed to 234.5V. Peak demand prior to event: 9.97kW. Grid frequency deviated to 50.41Hz. Transformer status: overloaded. Restoration in progress.
INC-0050,2023-03-25,Zone_A,smart_meter_bank,241.04,49.26,11.87,11.49,50.53,overloaded,partial_outage,high,Partial outage reported affecting smart_meter_bank cluster in Zone_A. Approx. 30-40% of connected load lost. Voltage collapsed to 241.0V. Peak demand prior to event: 11.87kW. Grid frequency deviated to 50.53Hz. Transformer status: overloaded. Restoration in progress.
INC-0051,2022-04-24,Zone_C,renewable_inverter,243.58,54.0,13.15,13.75,50.359,overloaded,partial_outage,high,Partial outage reported affecting renewable_inverter cluster in Zone_C. Approx. 30-40% of connected load lost. Voltage collapsed to 243.6V. Peak demand prior to event: 13.15kW. Grid frequency deviated to 50.36Hz. Transformer status: overloaded. Restoration in progress.
INC-0052,2022-06-24,Zone_D,smart_meter_bank,243.39,47.2,11.49,10.83,50.513,overloaded,partial_outage,high,Partial outage reported affecting smart_meter_bank cluster in Zone_D. Approx. 30-40% of connected load lost. Voltage collapsed to 243.4V. Peak demand prior to event: 11.49kW. Grid frequency deviated to 50.51Hz. Transformer status: overloaded. Restoration in progress.
INC-0053,2021-10-28,Zone_B,transformer,242.0,42.35,10.25,9.72,50.691,overloaded,high_demand_event,high,High demand event recorded at transformer in Zone_B. Demand load reached 9.72kW — exceeding 80% of rated capacity. Voltage: 242.0V. Current: 42.4A. Grid frequency: 50.69Hz. Transformer status: overloaded. Load shedding protocols activated to prevent cascade failure.
INC-0054,2023-10-07,Zone_A,transmission_line,241.5,31.36,7.57,7.29,49.623,overloaded,high_demand_event,high,High demand event recorded at transmission_line in Zone_A. Demand load reached 7.29kW — exceeding 80% of rated capacity. Voltage: 241.5V. Current: 31.4A. Grid frequency: 49.62Hz. Transformer status: overloaded. Load shedding protocols activated to prevent cascade failure.
INC-0055,2022-04-28,Zone_C,transformer,242.62,44.63,10.83,10.84,49.26,overloaded,high_demand_event,high,High demand event recorded at transformer in Zone_C. Demand load reached 10.84kW — exceeding 80% of rated capacity. Voltage: 242.6V. Current: 44.6A. Grid frequency: 49.26Hz. Transformer status: overloaded. Load shedding protocols activated to prevent cascade failure.
INC-0056,2023-06-13,Zone_A,smart_meter_bank,235.96,44.78,10.57,11.55,50.226,overloaded,high_demand_event,high,High demand event recorded at smart_meter_bank in Zone_A. Demand load reached 11.55kW — exceeding 80% of rated capacity. Voltage: 236.0V. Current: 44.8A. Grid frequency: 50.23Hz. Transformer status: overloaded. Load shedding protocols activated to prevent cascade failure.
INC-0057,2023-02-25,Zone_A,distribution_unit,248.73,36.93,9.19,9.01,50.747,overloaded,high_demand_event,high,High demand event recorded at distribution_unit in Zone_A. Demand load reached 9.01kW — exceeding 80% of rated capacity. Voltage: 248.7V. Current: 36.9A. Grid frequency: 50.75Hz. Transformer status: overloaded. Load shedding protocols activated to prevent cascade failure.
INC-0058,2022-04-19,Zone_D,substation,244.5,38.65,9.45,9.62,50.368,overloaded,high_demand_event,high,High demand event recorded at substation in Zone_D. Demand load reached 9.62kW — exceeding 80% of rated capacity. Voltage: 244.5V. Current: 38.6A. Grid frequency: 50.37Hz. Transformer status: overloaded. Load shedding protocols activated to prevent cascade failure.
INC-0059,2021-01-22,Zone_D,renewable_inverter,245.18,39.68,9.73,9.96,49.524,overloaded,high_demand_event,high,High demand event recorded at renewable_inverter in Zone_D. Demand load reached 9.96kW — exceeding 80% of rated capacity. Voltage: 245.2V. Current: 39.7A. Grid frequency: 49.52Hz. Transformer status: overloaded. Load shedding protocols activated to prevent cascade failure.
INC-0060,2022-12-02,Zone_A,smart_meter_bank,246.25,36.73,9.04,8.85,50.687,overloaded,high_demand_event,high,High demand event recorded at smart_meter_bank in Zone_A. Demand load reached 8.85kW — exceeding 80% of rated capacity. Voltage: 246.2V. Current: 36.7A. Grid frequency: 50.69Hz. Transformer status: overloaded. Load shedding protocols activated to prevent cascade failure.
INC-0061,2022-08-14,Zone_A,transformer,229.76,43.13,9.91,9.24,49.361,overloaded,high_demand_event,high,High demand event recorded at transformer in Zone_A. Demand load reached 9.24kW — exceeding 80% of rated capacity. Voltage: 229.8V. Current: 43.1A. Grid frequency: 49.36Hz. Transformer status: overloaded. Load shedding protocols activated to prevent cascade failure.
INC-0062,2022-03-08,Zone_D,transformer,244.01,36.19,8.83,9.43,49.684,overloaded,high_demand_event,high,High demand event recorded at transformer in Zone_D. Demand load reached 9.43kW — exceeding 80% of rated capacity. Voltage: 244.0V. Current: 36.2A. Grid frequency: 49.68Hz. Transformer status: overloaded. Load shedding protocols activated to prevent cascade failure.
INC-0063,2021-04-10,Zone_C,renewable_inverter,236.62,40.78,9.65,10.18,50.26,overloaded,high_demand_event,high,High demand event recorded at renewable_inverter in Zone_C. Demand load reached 10.18kW — exceeding 80% of rated capacity. Voltage: 236.6V. Current: 40.8A. Grid frequency: 50.26Hz. Transformer status: overloaded. Load shedding protocols activated to prevent cascade failure.
INC-0064,2021-04-03,Zone_A,smart_meter_bank,241.66,34.34,8.3,7.97,49.78,overloaded,high_demand_event,high,High demand event recorded at smart_meter_bank in Zone_A. Demand load reached 7.97kW — exceeding 80% of rated capacity. Voltage: 241.7V. Current: 34.3A. Grid frequency: 49.78Hz. Transformer status: overloaded. Load shedding protocols activated to prevent cascade failure.
INC-0065,2023-01-20,Zone_D,renewable_inverter,238.16,44.92,10.7,10.02,50.421,overloaded,high_demand_event,high,High demand event recorded at renewable_inverter in Zone_D. Demand load reached 10.02kW — exceeding 80% of rated capacity. Voltage: 238.2V. Current: 44.9A. Grid frequency: 50.42Hz. Transformer status: overloaded. Load shedding protocols activated to prevent cascade failure.
INC-0066,2021-06-17,Zone_A,transmission_line,248.72,39.3,9.77,9.82,50.318,overloaded,high_demand_event,high,High demand event recorded at transmission_line in Zone_A. Demand load reached 9.82kW — exceeding 80% of rated capacity. Voltage: 248.7V. Current: 39.3A. Grid frequency: 50.32Hz. Transformer status: overloaded. Load shedding protocols activated to prevent cascade failure.
INC-0067,2021-04-14,Zone_D,renewable_inverter,241.65,28.42,6.87,6.83,49.677,overloaded,high_demand_event,high,High demand event recorded at renewable_inverter in Zone_D. Demand load reached 6.83kW — exceeding 80% of rated capacity. Voltage: 241.7V. Current: 28.4A. Grid frequency: 49.68Hz. Transformer status: overloaded. Load shedding protocols activated to prevent cascade failure.
INC-0068,2022-06-07,Zone_A,renewable_inverter,237.3,42.02,9.97,10.4,50.362,overloaded,high_demand_event,high,High demand event recorded at renewable_inverter in Zone_A. Demand load reached 10.40kW — exceeding 80% of rated capacity. Voltage: 237.3V. Current: 42.0A. Grid frequency: 50.36Hz. Transformer status: overloaded. Load shedding protocols activated to prevent cascade failure.
INC-0069,2023-02-15,Zone_C,transmission_line,220.26,44.37,9.77,10.67,49.168,overloaded,high_demand_event,high,High demand event recorded at transmission_line in Zone_C. Demand load reached 10.67kW — exceeding 80% of rated capacity. Voltage: 220.3V. Current: 44.4A. Grid frequency: 49.17Hz. Transformer status: overloaded. Load shedding protocols activated to prevent cascade failure.
INC-0070,2021-04-04,Zone_B,transformer,232.45,29.43,6.84,7.08,49.138,overloaded,high_demand_event,high,High demand event recorded at transformer in Zone_B. Demand load reached 7.08kW — exceeding 80% of rated capacity. Voltage: 232.4V. Current: 29.4A. Grid frequency: 49.14Hz. Transformer status: overloaded. Load shedding protocols activated to prevent cascade failure.
INC-0071,2022-02-25,Zone_B,renewable_inverter,243.21,44.16,10.74,11.11,50.997,overloaded,high_demand_event,high,High demand event recorded at renewable_inverter in Zone_B. Demand load reached 11.11kW — exceeding 80% of rated capacity. Voltage: 243.2V. Current: 44.2A. Grid frequency: 51.00Hz. Transformer status: overloaded. Load shedding protocols activated to prevent cascade failure.
INC-0072,2022-02-05,Zone_C,smart_meter_bank,248.09,23.9,5.93,6.49,50.675,overloaded,high_demand_event,high,High demand event recorded at smart_meter_bank in Zone_C. Demand load reached 6.49kW — exceeding 80% of rated capacity. Voltage: 248.1V. Current: 23.9A. Grid frequency: 50.67Hz. Transformer status: overloaded. Load shedding protocols activated to prevent cascade failure.
INC-0073,2023-09-10,Zone_C,transmission_line,242.31,34.24,8.3,7.71,49.193,overloaded,high_demand_event,high,High demand event recorded at transmission_line in Zone_C. Demand load reached 7.71kW — exceeding 80% of rated capacity. Voltage: 242.3V. Current: 34.2A. Grid frequency: 49.19Hz. Transformer status: overloaded. Load shedding protocols activated to prevent cascade failure.
INC-0074,2022-05-31,Zone_A,transmission_line,231.99,29.45,6.83,6.99,49.283,overloaded,high_demand_event,high,High demand event recorded at transmission_line in Zone_A. Demand load reached 6.99kW — exceeding 80% of rated capacity. Voltage: 232.0V. Current: 29.4A. Grid frequency: 49.28Hz. Transformer status: overloaded. Load shedding protocols activated to prevent cascade failure.
INC-0075,2021-02-21,Zone_A,renewable_inverter,240.55,39.1,9.4,8.93,50.148,overloaded,high_demand_event,high,High demand event recorded at renewable_inverter in Zone_A. Demand load reached 8.93kW — exceeding 80% of rated capacity. Voltage: 240.6V. Current: 39.1A. Grid frequency: 50.15Hz. Transformer status: overloaded. Load shedding protocols activated to prevent cascade failure.
INC-0076,2023-10-17,Zone_C,transformer,243.86,30.12,7.35,7.34,50.173,overloaded,high_demand_event,high,High demand event recorded at transformer in Zone_C. Demand load reached 7.34kW — exceeding 80% of rated capacity. Voltage: 243.9V. Current: 30.1A. Grid frequency: 50.17Hz. Transformer status: overloaded. Load shedding protocols activated to prevent cascade failure.
INC-0077,2021-02-17,Zone_C,substation,237.36,49.21,11.68,12.27,49.693,overloaded,high_demand_event,high,High demand event recorded at substation in Zone_C. Demand load reached 12.27kW — exceeding 80% of rated capacity. Voltage: 237.4V. Current: 49.2A. Grid frequency: 49.69Hz. Transformer status: overloaded. Load shedding protocols activated to prevent cascade failure.
INC-0078,2022-10-02,Zone_B,smart_meter_bank,238.53,35.92,8.57,8.75,50.161,monitoring,voltage_deviation,medium,Voltage deviation detected on smart_meter_bank in Zone_B. Measured voltage: 238.5V (nominal: 240V). Current draw: 35.9A. Grid frequency: 50.16Hz. Demand load at time of event: 8.75kW. Transformer status: monitoring. Engineers investigating root cause.
INC-0079,2021-12-09,Zone_C,distribution_unit,244.32,46.4,11.34,10.42,49.846,monitoring,voltage_deviation,medium,Voltage deviation detected on distribution_unit in Zone_C. Measured voltage: 244.3V (nominal: 240V). Current draw: 46.4A. Grid frequency: 49.85Hz. Demand load at time of event: 10.42kW. Transformer status: monitoring. Engineers investigating root cause.
INC-0080,2023-08-31,Zone_B,transformer,236.65,26.79,6.34,5.8,50.017,monitoring,voltage_deviation,medium,Voltage deviation detected on transformer in Zone_B. Measured voltage: 236.7V (nominal: 240V). Current draw: 26.8A. Grid frequency: 50.02Hz. Demand load at time of event: 5.80kW. Transformer status: monitoring. Engineers investigating root cause.
INC-0081,2022-07-17,Zone_D,smart_meter_bank,241.06,34.62,8.34,9.14,50.053,monitoring,voltage_deviation,medium,Voltage deviation detected on smart_meter_bank in Zone_D. Measured voltage: 241.1V (nominal: 240V). Current draw: 34.6A. Grid frequency: 50.05Hz. Demand load at time of event: 9.14kW. Transformer status: monitoring. Engineers investigating root cause.
INC-0082,2022-01-08,Zone_D,distribution_unit,238.83,31.35,7.49,7.75,50.122,monitoring,voltage_deviation,medium,Voltage deviation detected on distribution_unit in Zone_D. Measured voltage: 238.8V (nominal: 240V). Current draw: 31.4A. Grid frequency: 50.12Hz. Demand load at time of event: 7.75kW. Transformer status: monitoring. Engineers investigating root cause.
INC-0083,2022-01-15,Zone_C,substation,235.82,29.09,6.86,6.8,49.899,monitoring,voltage_deviation,medium,Voltage deviation detected on substation in Zone_C. Measured voltage: 235.8V (nominal: 240V). Current draw: 29.1A. Grid frequency: 49.90Hz. Demand load at time of event: 6.80kW. Transformer status: monitoring. Engineers investigating root cause.
INC-0084,2021-03-28,Zone_D,transmission_line,238.77,31.68,7.56,8.26,50.378,monitoring,voltage_deviation,medium,Voltage deviation detected on transmission_line in Zone_D. Measured voltage: 238.8V (nominal: 240V). Current draw: 31.7A. Grid frequency: 50.38Hz. Demand load at time of event: 8.26kW. Transformer status: monitoring. Engineers investigating root cause.
INC-0085,2021-01-25,Zone_A,substation,245.08,35.4,8.68,8.38,49.977,monitoring,voltage_deviation,medium,Voltage deviation detected on substation in Zone_A. Measured voltage: 245.1V (nominal: 240V). Current draw: 35.4A. Grid frequency: 49.98Hz. Demand load at time of event: 8.38kW. Transformer status: monitoring. Engineers investigating root cause.
INC-0086,2023-05-29,Zone_A,substation,235.75,51.07,12.04,12.26,50.132,monitoring,voltage_deviation,medium,Voltage deviation detected on substation in Zone_A. Measured voltage: 235.8V (nominal: 240V). Current draw: 51.1A. Grid frequency: 50.13Hz. Demand load at time of event: 12.26kW. Transformer status: monitoring. Engineers investigating root cause.
INC-0087,2022-05-31,Zone_D,distribution_unit,229.54,27.67,6.35,6.97,50.126,monitoring,voltage_deviation,medium,Voltage deviation detected on distribution_unit in Zone_D. Measured voltage: 229.5V (nominal: 240V). Current draw: 27.7A. Grid frequency: 50.13Hz. Demand load at time of event: 6.97kW. Transformer status: monitoring. Engineers investigating root cause.
INC-0088,2022-03-13,Zone_C,distribution_unit,236.42,48.24,11.4,10.98,50.181,monitoring,voltage_deviation,medium,Voltage deviation detected on distribution_unit in Zone_C. Measured voltage: 236.4V (nominal: 240V). Current draw: 48.2A. Grid frequency: 50.18Hz. Demand load at time of event: 10.98kW. Transformer status: monitoring. Engineers investigating root cause.
INC-0089,2021-09-21,Zone_C,transformer,239.43,49.68,11.9,10.79,50.101,monitoring,voltage_deviation,medium,Voltage deviation detected on transformer in Zone_C. Measured voltage: 239.4V (nominal: 240V). Current draw: 49.7A. Grid frequency: 50.10Hz. Demand load at time of event: 10.79kW. Transformer status: monitoring. Engineers investigating root cause.
INC-0090,2023-09-05,Zone_B,substation,237.65,35.66,8.47,8.08,49.91,monitoring,voltage_deviation,medium,Voltage deviation detected on substation in Zone_B. Measured voltage: 237.7V (nominal: 240V). Current draw: 35.7A. Grid frequency: 49.91Hz. Demand load at time of event: 8.08kW. Transformer status: monitoring. Engineers investigating root cause.
INC-0091,2022-01-10,Zone_D,transmission_line,235.64,44.49,10.48,11.46,49.871,monitoring,voltage_deviation,medium,Voltage deviation detected on transmission_line in Zone_D. Measured voltage: 235.6V (nominal: 240V). Current draw: 44.5A. Grid frequency: 49.87Hz. Demand load at time of event: 11.46kW. Transformer status: monitoring. Engineers investigating root cause.
INC-0092,2022-04-22,Zone_B,substation,223.76,40.98,9.17,9.56,49.909,monitoring,voltage_deviation,medium,Voltage deviation detected on substation in Zone_B. Measured voltage: 223.8V (nominal: 240V). Current draw: 41.0A. Grid frequency: 49.91Hz. Demand load at time of event: 9.56kW. Transformer status: monitoring. Engineers investigating root cause.
INC-0093,2023-11-01,Zone_A,substation,237.03,49.88,11.82,12.46,49.998,monitoring,voltage_deviation,medium,Voltage deviation detected on substation in Zone_A. Measured voltage: 237.0V (nominal: 240V). Current draw: 49.9A. Grid frequency: 50.00Hz. Demand load at time of event: 12.46kW. Transformer status: monitoring. Engineers investigating root cause.
INC-0094,2022-04-03,Zone_A,distribution_unit,251.76,32.07,8.07,8.49,49.929,monitoring,voltage_deviation,medium,Voltage deviation detected on distribution_unit in Zone_A. Measured voltage: 251.8V (nominal: 240V). Current draw: 32.1A. Grid frequency: 49.93Hz. Demand load at time of event: 8.49kW. Transformer status: monitoring. Engineers investigating root cause.
INC-0095,2021-12-11,Zone_A,substation,232.25,35.76,8.31,8.27,49.998,monitoring,voltage_deviation,medium,Voltage deviation detected on substation in Zone_A. Measured voltage: 232.2V (nominal: 240V). Current draw: 35.8A. Grid frequency: 50.00Hz. Demand load at time of event: 8.27kW. Transformer status: monitoring. Engineers investigating root cause.
INC-0096,2022-04-02,Zone_B,substation,242.38,50.68,12.28,11.5,50.325,monitoring,voltage_deviation,medium,Voltage deviation detected on substation in Zone_B. Measured voltage: 242.4V (nominal: 240V). Current draw: 50.7A. Grid frequency: 50.33Hz. Demand load at time of event: 11.50kW. Transformer status: monitoring. Engineers investigating root cause.
INC-0097,2021-03-14,Zone_A,renewable_inverter,240.03,44.35,10.65,11.46,50.3,monitoring,voltage_deviation,medium,Voltage deviation detected on renewable_inverter in Zone_A. Measured voltage: 240.0V (nominal: 240V). Current draw: 44.4A. Grid frequency: 50.30Hz. Demand load at time of event: 11.46kW. Transformer status: monitoring. Engineers investigating root cause.
INC-0098,2023-04-27,Zone_C,renewable_inverter,245.83,38.21,9.39,9.79,50.251,monitoring,voltage_deviation,medium,Voltage deviation detected on renewable_inverter in Zone_C. Measured voltage: 245.8V (nominal: 240V). Current draw: 38.2A. Grid frequency: 50.25Hz. Demand load at time of event: 9.79kW. Transformer status: monitoring. Engineers investigating root cause.
INC-0099,2022-08-05,Zone_A,transmission_line,244.67,33.31,8.15,7.62,49.902,monitoring,voltage_deviation,medium,Voltage deviation detected on transmission_line in Zone_A. Measured voltage: 244.7V (nominal: 240V). Current draw: 33.3A. Grid frequency: 49.90Hz. Demand load at time of event: 7.62kW. Transformer status: monitoring. Engineers investigating root cause.
INC-0100,2023-07-13,Zone_B,smart_meter_bank,240.64,35.19,8.47,9.09,50.041,monitoring,voltage_deviation,medium,Voltage deviation detected on smart_meter_bank in Zone_B. Measured voltage: 240.6V (nominal: 240V). Current draw: 35.2A. Grid frequency: 50.04Hz. Demand load at time of event: 9.09kW. Transformer status: monitoring. Engineers investigating root cause.
INC-0101,2022-01-10,Zone_A,transformer,242.56,33.55,8.14,8.89,50.193,monitoring,voltage_deviation,medium,Voltage deviation detected on transformer in Zone_A. Measured voltage: 242.6V (nominal: 240V). Current draw: 33.5A. Grid frequency: 50.19Hz. Demand load at time of event: 8.89kW. Transformer status: monitoring. Engineers investigating root cause.
INC-0102,2022-10-29,Zone_D,smart_meter_bank,244.41,32.85,8.03,8.29,50.182,monitoring,voltage_deviation,medium,Voltage deviation detected on smart_meter_bank in Zone_D. Measured voltage: 244.4V (nominal: 240V). Current draw: 32.9A. Grid frequency: 50.18Hz. Demand load at time of event: 8.29kW. Transformer status: monitoring. Engineers investigating root cause.
INC-0103,2023-02-23,Zone_B,transmission_line,242.87,41.24,10.02,10.61,50.691,monitoring,meter_dropout,medium,Smart meter communication loss detected in Zone_B. Equipment type: transmission_line. Last recorded voltage: 242.9V. Last recorded power consumption: 10.02kW. Grid frequency at time of dropout: 50.69Hz. Transformer status: monitoring. Field team dispatched for meter inspection.
INC-0104,2022-06-18,Zone_C,substation,239.55,33.47,8.02,7.7,49.623,monitoring,meter_dropout,medium,Smart meter communication loss detected in Zone_C. Equipment type: substation. Last recorded voltage: 239.6V. Last recorded power consumption: 8.02kW. Grid frequency at time of dropout: 49.62Hz. Transformer status: monitoring. Field team dispatched for meter inspection.
INC-0105,2023-05-09,Zone_A,transmission_line,240.39,43.58,10.48,9.88,49.26,monitoring,meter_dropout,medium,Smart meter communication loss detected in Zone_A. Equipment type: transmission_line. Last recorded voltage: 240.4V. Last recorded power consumption: 10.48kW. Grid frequency at time of dropout: 49.26Hz. Transformer status: monitoring. Field team dispatched for meter inspection.
INC-0106,2022-02-17,Zone_D,substation,241.65,38.48,9.3,8.96,50.226,monitoring,meter_dropout,medium,Smart meter communication loss detected in Zone_D. Equipment type: substation. Last recorded voltage: 241.7V. Last recorded power consumption: 9.30kW. Grid frequency at time of dropout: 50.23Hz. Transformer status: monitoring. Field team dispatched for meter inspection.
INC-0107,2021-09-25,Zone_B,smart_meter_bank,246.07,44.0,10.83,11.15,50.747,monitoring,meter_dropout,medium,Smart meter communication loss detected in Zone_B. Equipment type: smart_meter_bank. Last recorded voltage: 246.1V. Last recorded power consumption: 10.83kW. Grid frequency at time of dropout: 50.75Hz. Transformer status: monitoring. Field team dispatched for meter inspection.
INC-0108,2021-03-17,Zone_A,transmission_line,237.31,46.11,10.94,11.75,50.368,monitoring,meter_dropout,medium,Smart meter communication loss detected in Zone_A. Equipment type: transmission_line. Last recorded voltage: 237.3V. Last recorded power consumption: 10.94kW. Grid frequency at time of dropout: 50.37Hz. Transformer status: monitoring. Field team dispatched for meter inspection.
INC-0109,2021-07-18,Zone_D,transformer,235.17,38.83,9.13,9.06,49.524,monitoring,meter_dropout,medium,Smart meter communication loss detected in Zone_D. Equipment type: transformer. Last recorded voltage: 235.2V. Last recorded power consumption: 9.13kW. Grid frequency at time of dropout: 49.52Hz. Transformer status: monitoring. Field team dispatched for meter inspection.
INC-0110,2022-01-20,Zone_B,substation,247.66,40.85,10.12,9.77,50.687,monitoring,meter_dropout,medium,Smart meter communication loss detected in Zone_B. Equipment type: substation. Last recorded voltage: 247.7V. Last recorded power consumption: 10.12kW. Grid frequency at time of dropout: 50.69Hz. Transformer status: monitoring. Field team dispatched for meter inspection.
INC-0111,2021-03-11,Zone_A,distribution_unit,237.56,41.5,9.86,10.53,49.361,monitoring,meter_dropout,medium,Smart meter communication loss detected in Zone_A. Equipment type: distribution_unit. Last recorded voltage: 237.6V. Last recorded power consumption: 9.86kW. Grid frequency at time of dropout: 49.36Hz. Transformer status: monitoring. Field team dispatched for meter inspection.
INC-0112,2021-02-24,Zone_B,distribution_unit,238.01,39.39,9.37,8.45,49.684,monitoring,meter_dropout,medium,Smart meter communication loss detected in Zone_B. Equipment type: distribution_unit. Last recorded voltage: 238.0V. Last recorded power consumption: 9.37kW. Grid frequency at time of dropout: 49.68Hz. Transformer status: monitoring. Field team dispatched for meter inspection.
INC-0113,2021-05-27,Zone_A,distribution_unit,240.49,48.8,11.74,11.09,50.26,monitoring,meter_dropout,medium,Smart meter communication loss detected in Zone_A. Equipment type: distribution_unit. Last recorded voltage: 240.5V. Last recorded power consumption: 11.74kW. Grid frequency at time of dropout: 50.26Hz. Transformer status: monitoring. Field team dispatched for meter inspection.
INC-0114,2021-12-13,Zone_B,renewable_inverter,244.38,28.01,6.85,7.23,49.78,monitoring,meter_dropout,medium,Smart meter communication loss detected in Zone_B. Equipment type: renewable_inverter. Last recorded voltage: 244.4V. Last recorded power consumption: 6.85kW. Grid frequency at time of dropout: 49.78Hz. Transformer status: monitoring. Field team dispatched for meter inspection.
INC-0115,2023-11-18,Zone_D,distribution_unit,239.65,52.76,12.64,13.68,50.421,monitoring,meter_dropout,medium,Smart meter communication loss detected in Zone_D. Equipment type: distribution_unit. Last recorded voltage: 239.7V. Last recorded power consumption: 12.64kW. Grid frequency at time of dropout: 50.42Hz. Transformer status: monitoring. Field team dispatched for meter inspection.
INC-0116,2023-08-13,Zone_A,distribution_unit,249.11,34.1,8.5,8.77,50.318,monitoring,meter_dropout,medium,Smart meter communication loss detected in Zone_A. Equipment type: distribution_unit. Last recorded voltage: 249.1V. Last recorded power consumption: 8.50kW. Grid frequency at time of dropout: 50.32Hz. Transformer status: monitoring. Field team dispatched for meter inspection.
INC-0117,2023-05-03,Zone_C,renewable_inverter,245.74,24.23,5.95,5.39,49.677,monitoring,meter_dropout,medium,Smart meter communication loss detected in Zone_C. Equipment type: renewable_inverter. Last recorded voltage: 245.7V. Last recorded power consumption: 5.95kW. Grid frequency at time of dropout: 49.68Hz. Transformer status: monitoring. Field team dispatched for meter inspection.
INC-0118,2021-03-22,Zone_C,smart_meter_bank,244.69,53.5,13.09,14.16,50.362,monitoring,meter_dropout,medium,Smart meter communication loss detected in Zone_C. Equipment type: smart_meter_bank. Last recorded voltage: 244.7V. Last recorded power consumption: 13.09kW. Grid frequency at time of dropout: 50.36Hz. Transformer status: monitoring. Field team dispatched for meter inspection.
INC-0119,2021-11-26,Zone_C,transformer,229.36,43.8,10.04,9.91,49.168,monitoring,meter_dropout,medium,Smart meter communication loss detected in Zone_C. Equipment type: transformer. Last recorded voltage: 229.4V. Last recorded power consumption: 10.04kW. Grid frequency at time of dropout: 49.17Hz. Transformer status: monitoring. Field team dispatched for meter inspection.
INC-0120,2022-03-26,Zone_D,smart_meter_bank,232.37,36.39,8.46,7.9,49.138,monitoring,meter_dropout,medium,Smart meter communication loss detected in Zone_D. Equipment type: smart_meter_bank. Last recorded voltage: 232.4V. Last recorded power consumption: 8.46kW. Grid frequency at time of dropout: 49.14Hz. Transformer status: monitoring. Field team dispatched for meter inspection.
INC-0121,2022-06-21,Zone_A,renewable_inverter,238.86,44.18,10.55,9.55,50.997,monitoring,meter_dropout,medium,Smart meter communication loss detected in Zone_A. Equipment type: renewable_inverter. Last recorded voltage: 238.9V. Last recorded power consumption: 10.55kW. Grid frequency at time of dropout: 51.00Hz. Transformer status: monitoring. Field team dispatched for meter inspection.
INC-0122,2021-06-29,Zone_C,transmission_line,242.75,33.85,8.22,8.42,50.675,monitoring,meter_dropout,medium,Smart meter communication loss detected in Zone_C. Equipment type: transmission_line. Last recorded voltage: 242.8V. Last recorded power consumption: 8.22kW. Grid frequency at time of dropout: 50.67Hz. Transformer status: monitoring. Field team dispatched for meter inspection.
INC-0123,2022-04-04,Zone_C,transformer,247.43,27.9,6.9,7.59,49.623,normal,no_event,low,Routine monitoring report for transformer in Zone_C. All parameters within normal operating range. Voltage: 247.4V. Current: 27.9A. Power consumption: 6.90kW. Grid frequency: 49.62Hz. Transformer status: normal. No action required.
INC-0124,2021-03-14,Zone_C,transformer,239.71,44.71,10.72,10.23,49.26,normal,no_event,low,Routine monitoring report for transformer in Zone_C. All parameters within normal operating range. Voltage: 239.7V. Current: 44.7A. Power consumption: 10.72kW. Grid frequency: 49.26Hz. Transformer status: normal. No action required.
INC-0125,2022-07-13,Zone_B,transformer,235.2,49.79,11.71,11.91,49.36,normal,no_event,low,Routine monitoring report for transformer in Zone_B. All parameters within normal operating range. Voltage: 235.2V. Current: 49.8A. Power consumption: 11.71kW. Grid frequency: 49.36Hz. Transformer status: normal. No action required.
INC-0126,2022-10-18,Zone_B,substation,230.92,35.14,8.11,8.21,49.851,normal,no_event,low,Routine monitoring report for substation in Zone_B. All parameters within normal operating range. Voltage: 230.9V. Current: 35.1A. Power consumption: 8.11kW. Grid frequency: 49.85Hz. Transformer status: normal. No action required.
INC-0127,2022-01-17,Zone_C,smart_meter_bank,237.45,48.45,11.5,11.12,49.512,normal,no_event,low,Routine monitoring report for smart_meter_bank in Zone_C. All parameters within normal operating range. Voltage: 237.4V. Current: 48.5A. Power consumption: 11.50kW. Grid frequency: 49.51Hz. Transformer status: normal. No action required.
INC-0128,2023-04-03,Zone_C,transformer,235.02,40.57,9.53,9.95,49.524,normal,no_event,low,Routine monitoring report for transformer in Zone_C. All parameters within normal operating range. Voltage: 235.0V. Current: 40.6A. Power consumption: 9.53kW. Grid frequency: 49.52Hz. Transformer status: normal. No action required.
INC-0129,2023-10-05,Zone_D,substation,239.85,40.5,9.71,10.23,49.361,normal,no_event,low,Routine monitoring report for substation in Zone_D. All parameters within normal operating range. Voltage: 239.8V. Current: 40.5A. Power consumption: 9.71kW. Grid frequency: 49.36Hz. Transformer status: normal. No action required.
INC-0130,2023-01-02,Zone_A,smart_meter_bank,232.78,45.41,10.57,9.96,49.684,normal,no_event,low,Routine monitoring report for smart_meter_bank in Zone_A. All parameters within normal operating range. Voltage: 232.8V. Current: 45.4A. Power consumption: 10.57kW. Grid frequency: 49.68Hz. Transformer status: normal. No action required.
INC-0131,2023-06-18,Zone_B,transformer,233.99,35.22,8.24,7.8,49.365,normal,no_event,low,Routine monitoring report for transformer in Zone_B. All parameters within normal operating range. Voltage: 234.0V. Current: 35.2A. Power consumption: 8.24kW. Grid frequency: 49.37Hz. Transformer status: normal. No action required.
INC-0132,2023-06-01,Zone_D,distribution_unit,240.71,46.03,11.08,11.14,49.568,normal,no_event,low,Routine monitoring report for distribution_unit in Zone_D. All parameters within normal operating range. Voltage: 240.7V. Current: 46.0A. Power consumption: 11.08kW. Grid frequency: 49.57Hz. Transformer status: normal. No action required.
INC-0133,2022-03-04,Zone_D,renewable_inverter,236.84,41.51,9.83,10.35,49.536,normal,no_event,low,Routine monitoring report for renewable_inverter in Zone_D. All parameters within normal operating range. Voltage: 236.8V. Current: 41.5A. Power consumption: 9.83kW. Grid frequency: 49.54Hz. Transformer status: normal. No action required.
INC-0134,2023-09-14,Zone_A,transmission_line,243.05,31.38,7.63,8.12,49.677,normal,no_event,low,Routine monitoring report for transmission_line in Zone_A. All parameters within normal operating range. Voltage: 243.1V. Current: 31.4A. Power consumption: 7.63kW. Grid frequency: 49.68Hz. Transformer status: normal. No action required.
INC-0135,2022-02-11,Zone_C,smart_meter_bank,231.02,37.76,8.72,8.33,49.353,normal,no_event,low,Routine monitoring report for smart_meter_bank in Zone_C. All parameters within normal operating range. Voltage: 231.0V. Current: 37.8A. Power consumption: 8.72kW. Grid frequency: 49.35Hz. Transformer status: normal. No action required.
INC-0136,2022-01-30,Zone_D,transformer,228.21,39.55,9.02,8.47,49.168,normal,no_event,low,Routine monitoring report for transformer in Zone_D. All parameters within normal operating range. Voltage: 228.2V. Current: 39.5A. Power consumption: 9.02kW. Grid frequency: 49.17Hz. Transformer status: normal. No action required.
INC-0137,2022-01-16,Zone_C,renewable_inverter,226.96,33.07,7.51,8.15,49.138,normal,no_event,low,Routine monitoring report for renewable_inverter in Zone_C. All parameters within normal operating range. Voltage: 227.0V. Current: 33.1A. Power consumption: 7.51kW. Grid frequency: 49.14Hz. Transformer status: normal. No action required.
INC-0138,2021-10-21,Zone_C,distribution_unit,234.48,34.09,7.99,8.56,49.193,normal,no_event,low,Routine monitoring report for distribution_unit in Zone_C. All parameters within normal operating range. Voltage: 234.5V. Current: 34.1A. Power consumption: 7.99kW. Grid frequency: 49.19Hz. Transformer status: normal. No action required.
INC-0139,2021-08-05,Zone_B,transmission_line,230.58,25.03,5.77,6.04,49.283,normal,no_event,low,Routine monitoring report for transmission_line in Zone_B. All parameters within normal operating range. Voltage: 230.6V. Current: 25.0A. Power consumption: 5.77kW. Grid frequency: 49.28Hz. Transformer status: normal. No action required.
INC-0140,2023-04-28,Zone_C,substation,236.29,29.42,6.95,7.56,49.307,normal,no_event,low,Routine monitoring report for substation in Zone_C. All parameters within normal operating range. Voltage: 236.3V. Current: 29.4A. Power consumption: 6.95kW. Grid frequency: 49.31Hz. Transformer status: normal. No action required.
INC-0141,2023-04-24,Zone_D,smart_meter_bank,244.32,27.85,6.8,7.18,50.722,critical,full_outage,critical,Full power outage reported affecting smart_meter_bank cluster in Zone_D. Approximately 80-100% of connected load lost. Voltage collapsed to 244.3V. Peak demand prior to event: 6.80kW. Grid frequency deviated to 50.72Hz. Transformer status: critical. Restoration team dispatched.
INC-0142,2022-02-14,Zone_A,distribution_unit,233.4,37.13,8.67,9.41,51.108,critical,full_outage,critical,Full power outage reported affecting distribution_unit cluster in Zone_A. Approximately 80-100% of connected load lost. Voltage collapsed to 233.4V. Peak demand prior to event: 8.67kW. Grid frequency deviated to 51.11Hz. Transformer status: critical. Restoration team dispatched.
INC-0143,2023-11-13,Zone_C,renewable_inverter,247.11,42.95,10.61,11.01,50.869,critical,full_outage,critical,Full power outage reported affecting renewable_inverter cluster in Zone_C. Approximately 80-100% of connected load lost. Voltage collapsed to 247.1V. Peak demand prior to event: 10.61kW. Grid frequency deviated to 50.87Hz. Transformer status: critical. Restoration team dispatched.
INC-0144,2023-02-22,Zone_D,transformer,247.01,38.47,9.5,8.59,50.773,critical,full_outage,critical,Full power outage reported affecting transformer cluster in Zone_D. Approximately 80-100% of connected load lost. Voltage collapsed to 247.0V. Peak demand prior to event: 9.50kW. Grid frequency deviated to 50.77Hz. Transformer status: critical. Restoration team dispatched.
INC-0145,2022-11-07,Zone_C,transmission_line,246.58,50.07,12.35,13.21,50.949,critical,full_outage,critical,Full power outage reported affecting transmission_line cluster in Zone_C. Approximately 80-100% of connected load lost. Voltage collapsed to 246.6V. Peak demand prior to event: 12.35kW. Grid frequency deviated to 50.95Hz. Transformer status: critical. Restoration team dispatched.
INC-0146,2023-01-30,Zone_B,smart_meter_bank,256.09,44.31,11.35,11.87,50.907,critical,full_outage,critical,Full power outage reported affecting smart_meter_bank cluster in Zone_B. Approximately 80-100% of connected load lost. Voltage collapsed to 256.1V. Peak demand prior to event: 11.35kW. Grid frequency deviated to 50.91Hz. Transformer status: critical. Restoration team dispatched.
INC-0147,2023-01-26,Zone_A,smart_meter_bank,235.45,40.06,9.43,9.96,50.841,critical,full_outage,critical,Full power outage reported affecting smart_meter_bank cluster in Zone_A. Approximately 80-100% of connected load lost. Voltage collapsed to 235.4V. Peak demand prior to event: 9.43kW. Grid frequency deviated to 50.84Hz. Transformer status: critical. Restoration team dispatched.
INC-0148,2021-06-14,Zone_B,substation,249.75,25.67,6.41,6.85,50.71,critical,full_outage,critical,Full power outage reported affecting substation cluster in Zone_B. Approximately 80-100% of connected load lost. Voltage collapsed to 249.8V. Peak demand prior to event: 6.41kW. Grid frequency deviated to 50.71Hz. Transformer status: critical. Restoration team dispatched.
INC-0149,2023-03-13,Zone_C,transmission_line,240.19,41.25,9.91,9.07,50.749,critical,full_outage,critical,Full power outage reported affecting transmission_line cluster in Zone_C. Approximately 80-100% of connected load lost. Voltage collapsed to 240.2V. Peak demand prior to event: 9.91kW. Grid frequency deviated to 50.75Hz. Transformer status: critical. Restoration team dispatched.
INC-0150,2022-05-12,Zone_D,transmission_line,236.54,48.73,11.53,12.43,50.709,critical,full_outage,critical,Full power outage reported affecting transmission_line cluster in Zone_D. Approximately 80-100% of connected load lost. Voltage collapsed to 236.5V. Peak demand prior to event: 11.53kW. Grid frequency deviated to 50.71Hz. Transformer status: critical. Restoration team dispatched.
INC-0151,2023-05-31,Zone_B,distribution_unit,242.64,34.5,8.37,8.83,50.794,critical,full_outage,critical,Full power outage reported affecting distribution_unit cluster in Zone_B. Approximately 80-100% of connected load lost. Voltage collapsed to 242.6V. Peak demand prior to event: 8.37kW. Grid frequency deviated to 50.79Hz. Transformer status: critical. Restoration team dispatched.
INC-0152,2023-08-02,Zone_A,renewable_inverter,240.7,30.34,7.3,7.98,50.819,critical,full_outage,critical,Full power outage reported affecting renewable_inverter cluster in Zone_A. Approximately 80-100% of connected load lost. Voltage collapsed to 240.7V. Peak demand prior to event: 7.30kW. Grid frequency deviated to 50.82Hz. Transformer status: critical. Restoration team dispatched.
INC-0153,2023-07-30,Zone_C,distribution_unit,234.09,46.82,10.96,10.13,50.856,critical,full_outage,critical,Full power outage reported affecting distribution_unit cluster in Zone_C. Approximately 80-100% of connected load lost. Voltage collapsed to 234.1V. Peak demand prior to event: 10.96kW. Grid frequency deviated to 50.86Hz. Transformer status: critical. Restoration team dispatched.
INC-0154,2021-11-02,Zone_C,renewable_inverter,243.47,37.07,9.02,8.27,50.996,critical,full_outage,critical,Full power outage reported affecting renewable_inverter cluster in Zone_C. Approximately 80-100% of connected load lost. Voltage collapsed to 243.5V. Peak demand prior to event: 9.02kW. Grid frequency deviated to 51.00Hz. Transformer status: critical. Restoration team dispatched.
INC-0155,2022-07-05,Zone_D,transformer,237.42,42.62,10.12,11.03,51.113,critical,full_outage,critical,Full power outage reported affecting transformer cluster in Zone_D. Approximately 80-100% of connected load lost. Voltage collapsed to 237.4V. Peak demand prior to event: 10.12kW. Grid frequency deviated to 51.11Hz. Transformer status: critical. Restoration team dispatched.
INC-0156,2023-06-14,Zone_D,substation,246.51,45.31,11.17,11.5,50.914,critical,full_outage,critical,Full power outage reported affecting substation cluster in Zone_D. Approximately 80-100% of connected load lost. Voltage collapsed to 246.5V. Peak demand prior to event: 11.17kW. Grid frequency deviated to 50.91Hz. Transformer status: critical. Restoration team dispatched.
INC-0157,2022-01-14,Zone_B,substation,246.95,24.3,6.0,5.67,50.76,critical,full_outage,critical,Full power outage reported affecting substation cluster in Zone_B. Approximately 80-100% of connected load lost. Voltage collapsed to 246.9V. Peak demand prior to event: 6.00kW. Grid frequency deviated to 50.76Hz. Transformer status: critical. Restoration team dispatched.
INC-0158,2023-01-01,Zone_D,substation,247.28,32.65,8.07,7.47,50.74,critical,full_outage,critical,Full power outage reported affecting substation cluster in Zone_D. Approximately 80-100% of connected load lost. Voltage collapsed to 247.3V. Peak demand prior to event: 8.07kW. Grid frequency deviated to 50.74Hz. Transformer status: critical. Restoration team dispatched.
INC-0159,2021-05-25,Zone_D,distribution_unit,241.39,40.16,9.7,9.81,50.85,critical,full_outage,critical,Full power outage reported affecting distribution_unit cluster in Zone_D. Approximately 80-100% of connected load lost. Voltage collapsed to 241.4V. Peak demand prior to event: 9.70kW. Grid frequency deviated to 50.85Hz. Transformer status: critical. Restoration team dispatched.
INC-0160,2022-04-22,Zone_C,transmission_line,239.92,47.35,11.36,10.94,50.766,critical,full_outage,critical,Full power outage reported affecting transmission_line cluster in Zone_C. Approximately 80-100% of connected load lost. Voltage collapsed to 239.9V. Peak demand prior to event: 11.36kW. Grid frequency deviated to 50.77Hz. Transformer status: critical. Restoration team dispatched.
INC-0161,2021-02-17,Zone_B,transmission_line,233.96,39.24,9.18,8.94,50.85,critical,full_outage,critical,Full power outage reported affecting transmission_line cluster in Zone_B. Approximately 80-100% of connected load lost. Voltage collapsed to 234.0V. Peak demand prior to event: 9.18kW. Grid frequency deviated to 50.85Hz. Transformer status: critical. Restoration team dispatched.
INC-0162,2021-02-13,Zone_D,renewable_inverter,245.21,39.65,9.72,9.59,50.738,critical,full_outage,critical,Full power outage reported affecting renewable_inverter cluster in Zone_D. Approximately 80-100% of connected load lost. Voltage collapsed to 245.2V. Peak demand prior to event: 9.72kW. Grid frequency deviated to 50.74Hz. Transformer status: critical. Restoration team dispatched.
INC-0163,2023-07-19,Zone_D,transmission_line,243.82,44.88,10.94,11.07,50.81,critical,full_outage,critical,Full power outage reported affecting transmission_line cluster in Zone_D. Approximately 80-100% of connected load lost. Voltage collapsed to 243.8V. Peak demand prior to event: 10.94kW. Grid frequency deviated to 50.81Hz. Transformer status: critical. Restoration team dispatched.
INC-0164,2022-05-22,Zone_B,substation,244.8,48.81,11.95,11.34,50.746,critical,full_outage,critical,Full power outage reported affecting substation cluster in Zone_B. Approximately 80-100% of connected load lost. Voltage collapsed to 244.8V. Peak demand prior to event: 11.95kW. Grid frequency deviated to 50.75Hz. Transformer status: critical. Restoration team dispatched.
INC-0165,2022-11-06,Zone_D,renewable_inverter,244.01,34.81,8.49,9.04,50.801,critical,full_outage,critical,Full power outage reported affecting renewable_inverter cluster in Zone_D. Approximately 80-100% of connected load lost. Voltage collapsed to 244.0V. Peak demand prior to event: 8.49kW. Grid frequency deviated to 50.80Hz. Transformer status: critical. Restoration team dispatched.
INC-0166,2022-04-23,Zone_C,transformer,246.67,35.62,8.79,9.28,50.833,critical,full_outage,critical,Full power outage reported affecting transformer cluster in Zone_C. Approximately 80-100% of connected load lost. Voltage collapsed to 246.7V. Peak demand prior to event: 8.79kW. Grid frequency deviated to 50.83Hz. Transformer status: critical. Restoration team dispatched.
INC-0167,2021-11-18,Zone_B,smart_meter_bank,239.79,46.31,11.1,11.95,50.837,critical,full_outage,critical,Full power outage reported affecting smart_meter_bank cluster in Zone_B. Approximately 80-100% of connected load lost. Voltage collapsed to 239.8V. Peak demand prior to event: 11.10kW. Grid frequency deviated to 50.84Hz. Transformer status: critical. Restoration team dispatched.
INC-0168,2022-07-18,Zone_D,smart_meter_bank,247.48,43.23,10.7,10.55,50.798,critical,full_outage,critical,Full power outage reported affecting smart_meter_bank cluster in Zone_D. Approximately 80-100% of connected load lost. Voltage collapsed to 247.5V. Peak demand prior to event: 10.70kW. Grid frequency deviated to 50.80Hz. Transformer status: critical. Restoration team dispatched.
INC-0169,2023-07-17,Zone_D,substation,236.85,42.08,9.97,10.11,50.859,critical,full_outage,critical,Full power outage reported affecting substation cluster in Zone_D. Approximately 80-100% of connected load lost. Voltage collapsed to 236.8V. Peak demand prior to event: 9.97kW. Grid frequency deviated to 50.86Hz. Transformer status: critical. Restoration team dispatched.
INC-0170,2022-07-07,Zone_D,renewable_inverter,251.72,40.62,10.22,10.13,50.844,critical,full_outage,critical,Full power outage reported affecting renewable_inverter cluster in Zone_D. Approximately 80-100% of connected load lost. Voltage collapsed to 251.7V. Peak demand prior to event: 10.22kW. Grid frequency deviated to 50.84Hz. Transformer status: critical. Restoration team dispatched.
INC-0171,2023-06-02,Zone_A,transformer,236.46,47.29,11.18,12.12,50.691,degraded,renewable_variability,medium,Renewable energy variability event detected in Zone_A. Intermittent generation fluctuations at transformer causing instability. Voltage swing: 236.5V. Grid frequency deviation: 50.69Hz. Power consumption during event: 11.18kW. Transformer status: degraded. Grid balancing reserves activated. Storage dispatch initiated.
INC-0172,2023-10-15,Zone_A,smart_meter_bank,237.35,35.55,8.44,9.1,49.623,degraded,renewable_variability,medium,Renewable energy variability event detected in Zone_A. Intermittent generation fluctuations at smart_meter_bank causing instability. Voltage swing: 237.3V. Grid frequency deviation: 49.62Hz. Power consumption during event: 8.44kW. Transformer status: degraded. Grid balancing reserves activated. Storage dispatch initiated.
INC-0173,2023-09-19,Zone_B,distribution_unit,243.69,43.32,10.56,10.76,49.26,degraded,renewable_variability,medium,Renewable energy variability event detected in Zone_B. Intermittent generation fluctuations at distribution_unit causing instability. Voltage swing: 243.7V. Grid frequency deviation: 49.26Hz. Power consumption during event: 10.56kW. Transformer status: degraded. Grid balancing reserves activated. Storage dispatch initiated.
INC-0174,2023-01-09,Zone_D,distribution_unit,238.17,39.46,9.4,9.52,50.226,degraded,renewable_variability,medium,Renewable energy variability event detected in Zone_D. Intermittent generation fluctuations at distribution_unit causing instability. Voltage swing: 238.2V. Grid frequency deviation: 50.23Hz. Power consumption during event: 9.40kW. Transformer status: degraded. Grid balancing reserves activated. Storage dispatch initiated.
INC-0175,2023-09-08,Zone_A,smart_meter_bank,236.49,38.3,9.06,9.43,50.747,degraded,renewable_variability,medium,Renewable energy variability event detected in Zone_A. Intermittent generation fluctuations at smart_meter_bank causing instability. Voltage swing: 236.5V. Grid frequency deviation: 50.75Hz. Power consumption during event: 9.06kW. Transformer status: degraded. Grid balancing reserves activated. Storage dispatch initiated.
INC-0176,2021-04-18,Zone_B,transmission_line,237.26,38.86,9.22,8.66,50.368,degraded,renewable_variability,medium,Renewable energy variability event detected in Zone_B. Intermittent generation fluctuations at transmission_line causing instability. Voltage swing: 237.3V. Grid frequency deviation: 50.37Hz. Power consumption during event: 9.22kW. Transformer status: degraded. Grid balancing reserves activated. Storage dispatch initiated.
INC-0177,2021-01-14,Zone_A,substation,235.52,37.83,8.91,9.73,49.524,degraded,renewable_variability,medium,Renewable energy variability event detected in Zone_A. Intermittent generation fluctuations at substation causing instability. Voltage swing: 235.5V. Grid frequency deviation: 49.52Hz. Power consumption during event: 8.91kW. Transformer status: degraded. Grid balancing reserves activated. Storage dispatch initiated.
INC-0178,2023-09-28,Zone_A,transmission_line,241.2,44.11,10.64,11.31,50.687,degraded,renewable_variability,medium,Renewable energy variability event detected in Zone_A. Intermittent generation fluctuations at transmission_line causing instability. Voltage swing: 241.2V. Grid frequency deviation: 50.69Hz. Power consumption during event: 10.64kW. Transformer status: degraded. Grid balancing reserves activated. Storage dispatch initiated.
INC-0179,2023-04-14,Zone_C,transmission_line,227.09,43.01,9.77,10.21,49.361,degraded,renewable_variability,medium,Renewable energy variability event detected in Zone_C. Intermittent generation fluctuations at transmission_line causing instability. Voltage swing: 227.1V. Grid frequency deviation: 49.36Hz. Power consumption during event: 9.77kW. Transformer status: degraded. Grid balancing reserves activated. Storage dispatch initiated.
INC-0180,2022-04-26,Zone_C,transformer,240.56,48.63,11.7,12.22,49.684,degraded,renewable_variability,medium,Renewable energy variability event detected in Zone_C. Intermittent generation fluctuations at transformer causing instability. Voltage swing: 240.6V. Grid frequency deviation: 49.68Hz. Power consumption during event: 11.70kW. Transformer status: degraded. Grid balancing reserves activated. Storage dispatch initiated.
INC-0181,2021-10-29,Zone_D,smart_meter_bank,236.17,43.79,10.34,10.72,50.26,degraded,renewable_variability,medium,Renewable energy variability event detected in Zone_D. Intermittent generation fluctuations at smart_meter_bank causing instability. Voltage swing: 236.2V. Grid frequency deviation: 50.26Hz. Power consumption during event: 10.34kW. Transformer status: degraded. Grid balancing reserves activated. Storage dispatch initiated.
INC-0182,2021-08-27,Zone_A,renewable_inverter,235.87,39.74,9.37,9.13,49.78,degraded,renewable_variability,medium,Renewable energy variability event detected in Zone_A. Intermittent generation fluctuations at renewable_inverter causing instability. Voltage swing: 235.9V. Grid frequency deviation: 49.78Hz. Power consumption during event: 9.37kW. Transformer status: degraded. Grid balancing reserves activated. Storage dispatch initiated.
INC-0183,2023-10-19,Zone_A,smart_meter_bank,241.72,48.51,11.72,12.17,50.421,degraded,renewable_variability,medium,Renewable energy variability event detected in Zone_A. Intermittent generation fluctuations at smart_meter_bank causing instability. Voltage swing: 241.7V. Grid frequency deviation: 50.42Hz. Power consumption during event: 11.72kW. Transformer status: degraded. Grid balancing reserves activated. Storage dispatch initiated.
INC-0184,2023-09-07,Zone_C,substation,246.48,42.37,10.44,11.36,50.318,degraded,renewable_variability,medium,Renewable energy variability event detected in Zone_C. Intermittent generation fluctuations at substation causing instability. Voltage swing: 246.5V. Grid frequency deviation: 50.32Hz. Power consumption during event: 10.44kW. Transformer status: degraded. Grid balancing reserves activated. Storage dispatch initiated.
INC-0185,2023-01-10,Zone_D,transformer,239.45,27.76,6.65,6.85,49.677,degraded,renewable_variability,medium,Renewable energy variability event detected in Zone_D. Intermittent generation fluctuations at transformer causing instability. Voltage swing: 239.4V. Grid frequency deviation: 49.68Hz. Power consumption during event: 6.65kW. Transformer status: degraded. Grid balancing reserves activated. Storage dispatch initiated.
INC-0186,2022-11-08,Zone_C,distribution_unit,241.07,42.52,10.25,11.02,50.362,degraded,renewable_variability,medium,Renewable energy variability event detected in Zone_C. Intermittent generation fluctuations at distribution_unit causing instability. Voltage swing: 241.1V. Grid frequency deviation: 50.36Hz. Power consumption during event: 10.25kW. Transformer status: degraded. Grid balancing reserves activated. Storage dispatch initiated.
INC-0187,2022-05-05,Zone_D,distribution_unit,231.8,32.6,7.56,7.9,49.168,degraded,renewable_variability,medium,Renewable energy variability event detected in Zone_D. Intermittent generation fluctuations at distribution_unit causing instability. Voltage swing: 231.8V. Grid frequency deviation: 49.17Hz. Power consumption during event: 7.56kW. Transformer status: degraded. Grid balancing reserves activated. Storage dispatch initiated.
INC-0188,2021-12-22,Zone_D,substation,234.76,32.61,7.65,7.03,49.138,degraded,renewable_variability,medium,Renewable energy variability event detected in Zone_D. Intermittent generation fluctuations at substation causing instability. Voltage swing: 234.8V. Grid frequency deviation: 49.14Hz. Power consumption during event: 7.65kW. Transformer status: degraded. Grid balancing reserves activated. Storage dispatch initiated.
INC-0189,2022-05-02,Zone_D,transmission_line,242.42,35.26,8.55,7.89,50.997,degraded,renewable_variability,medium,Renewable energy variability event detected in Zone_D. Intermittent generation fluctuations at transmission_line causing instability. Voltage swing: 242.4V. Grid frequency deviation: 51.00Hz. Power consumption during event: 8.55kW. Transformer status: degraded. Grid balancing reserves activated. Storage dispatch initiated.
INC-0190,2021-03-26,Zone_D,renewable_inverter,254.64,22.98,5.85,5.27,50.675,degraded,renewable_variability,medium,Renewable energy variability event detected in Zone_D. Intermittent generation fluctuations at renewable_inverter causing instability. Voltage swing: 254.6V. Grid frequency deviation: 50.67Hz. Power consumption during event: 5.85kW. Transformer status: degraded. Grid balancing reserves activated. Storage dispatch initiated.
INC-0191,2022-01-27,Zone_C,renewable_inverter,236.78,32.85,7.78,8.29,49.193,degraded,renewable_variability,medium,Renewable energy variability event detected in Zone_C. Intermittent generation fluctuations at renewable_inverter causing instability. Voltage swing: 236.8V. Grid frequency deviation: 49.19Hz. Power consumption during event: 7.78kW. Transformer status: degraded. Grid balancing reserves activated. Storage dispatch initiated.
INC-0192,2023-04-01,Zone_A,renewable_inverter,234.52,21.02,4.93,5.26,49.283,degraded,renewable_variability,medium,Renewable energy variability event detected in Zone_A. Intermittent generation fluctuations at renewable_inverter causing instability. Voltage swing: 234.5V. Grid frequency deviation: 49.28Hz. Power consumption during event: 4.93kW. Transformer status: degraded. Grid balancing reserves activated. Storage dispatch initiated.
INC-0193,2021-01-30,Zone_C,renewable_inverter,237.44,44.4,10.54,10.69,50.148,degraded,renewable_variability,medium,Renewable energy variability event detected in Zone_C. Intermittent generation fluctuations at renewable_inverter causing instability. Voltage swing: 237.4V. Grid frequency deviation: 50.15Hz. Power consumption during event: 10.54kW. Transformer status: degraded. Grid balancing reserves activated. Storage dispatch initiated.
INC-0194,2022-02-26,Zone_B,transmission_line,245.12,39.92,9.78,9.25,50.173,degraded,renewable_variability,medium,Renewable energy variability event detected in Zone_B. Intermittent generation fluctuations at transmission_line causing instability. Voltage swing: 245.1V. Grid frequency deviation: 50.17Hz. Power consumption during event: 9.78kW. Transformer status: degraded. Grid balancing reserves activated. Storage dispatch initiated.
INC-0195,2022-05-07,Zone_A,smart_meter_bank,238.59,40.3,9.61,10.39,49.693,degraded,renewable_variability,medium,Renewable energy variability event detected in Zone_A. Intermittent generation fluctuations at smart_meter_bank causing instability. Voltage swing: 238.6V. Grid frequency deviation: 49.69Hz. Power consumption during event: 9.61kW. Transformer status: degraded. Grid balancing reserves activated. Storage dispatch initiated.
INC-0196,2023-04-21,Zone_A,renewable_inverter,238.92,33.11,7.91,8.62,50.707,degraded,renewable_variability,medium,Renewable energy variability event detected in Zone_A. Intermittent generation fluctuations at renewable_inverter causing instability. Voltage swing: 238.9V. Grid frequency deviation: 50.71Hz. Power consumption during event: 7.91kW. Transformer status: degraded. Grid balancing reserves activated. Storage dispatch initiated.
INC-0197,2023-07-01,Zone_A,distribution_unit,233.73,37.81,8.84,9.02,49.794,degraded,renewable_variability,medium,Renewable energy variability event detected in Zone_A. Intermittent generation fluctuations at distribution_unit causing instability. Voltage swing: 233.7V. Grid frequency deviation: 49.79Hz. Power consumption during event: 8.84kW. Transformer status: degraded. Grid balancing reserves activated. Storage dispatch initiated.
INC-0198,2023-04-11,Zone_C,smart_meter_bank,236.8,45.52,10.78,10.02,50.072,degraded,renewable_variability,medium,Renewable energy variability event detected in Zone_C. Intermittent generation fluctuations at smart_meter_bank causing instability. Voltage swing: 236.8V. Grid frequency deviation: 50.07Hz. Power consumption during event: 10.78kW. Transformer status: degraded. Grid balancing reserves activated. Storage dispatch initiated.
INC-0199,2021-08-07,Zone_A,distribution_unit,238.26,38.88,9.26,9.56,49.381,degraded,renewable_variability,medium,Renewable energy variability event detected in Zone_A. Intermittent generation fluctuations at distribution_unit causing instability. Voltage swing: 238.3V. Grid frequency deviation: 49.38Hz. Power consumption during event: 9.26kW. Transformer status: degraded. Grid balancing reserves activated. Storage dispatch initiated.
INC-0200,2022-02-06,Zone_D,transformer,237.85,39.31,9.35,8.97,49.878,degraded,renewable_variability,medium,Renewable energy variability event detected in Zone_D. Intermittent generation fluctuations at transformer causing instability. Voltage swing: 237.8V. Grid frequency deviation: 49.88Hz. Power consumption during event: 9.35kW. Transformer status: degraded. Grid balancing reserves activated. Storage dispatch initiated.
